{
  "by_name": {
    "f1": 0.0,
    "f2": 0.047244094488188976,
    "f3": 0.0,
    "f4": 0.3700787401574803,
    "f5": 0.7480314960629921,
    "f6": 0.7716535433070866,
    "k1t": 0.0,
    "k2t": 0.0,
    "k3t": 0.0,
    "k4t": 0.0,
    "k5t": 0.0,
    "k6t": 0.0,
    "k1m": 0.0,
    "k2m": 0.0,
    "k3m": 0.0,
    "k4m": 0.0,
    "k5m": 0.0,
    "k6m": 0.0,
    "k1b": 0.0,
    "k2b": 0.0,
    "k3b": 0.6220472440944882,
    "k4b": 0.0,
    "k5b": 0.0,
    "k6b": 0.0,
    "b1": 0.0,
    "b2": 0.0,
    "b3": 0.0,
    "b4": 0.0,
    "b5": 0.0,
    "b6": 0.0,
    "k": 0.0,
    "fx1": 0.0,
    "fx2": 0.0,
    "shift": 0.0
  }
}