{
  "by_name": {
    "f1": 0.5354330708661418,
    "f2": 0.41732283464566927,
    "f3": 0.4645669291338583,
    "f4": 0.4251968503937008,
    "f5": 0.4015748031496063,
    "f6": 0.31496062992125984,
    "k1t": 0.5984251968503937,
    "k2t": 0.05511811023622047,
    "k3t": 0.07874015748031496,
    "k4t": 0.5039370078740157,
    "k5t": 0.12598425196850394,
    "k6t": 0.9763779527559056,
    "k1m": 0.0,
    "k2m": 0.7401574803149606,
    "k3m": 0.30708661417322836,
    "k4m": 0.6299212598425197,
    "k5m": 0.6141732283464567,
    "k6m": 0.8346456692913385,
    "k1b": 0.0,
    "k2b": 0.48031496062992124,
    "k3b": 0.6929133858267716,
    "k4b": 0.2440944881889764,
    "k5b": 0.3228346456692913,
    "k6b": 0.2204724409448819,
    "b1": 0.0,
    "b2": 0.0,
    "b3": 0.0,
    "b4": 0.0,
    "b5": 0.0,
    "b6": 0.0,
    "k": 0.0,
    "fx1": 0.0,
    "fx2": 0.0,
    "shift": 0.0
  }
}