{
  "by_name": {
    "f1": 0.7322834645669292,
    "f2": 0.11811023622047244,
    "f3": 0.36220472440944884,
    "f4": 0.41732283464566927,
    "f5": 0.25984251968503935,
    "f6": 0.7480314960629921,
    "k1t": 0.6614173228346457,
    "k2t": 0.3937007874015748,
    "k3t": 0.5748031496062992,
    "k4t": 0.36220472440944884,
    "k5t": 0.0,
    "k6t": 0.0,
    "k1m": 0.0,
    "k2m": 0.0,
    "k3m": 0.0,
    "k4m": 0.0,
    "k5m": 0.0,
    "k6m": 0.0,
    "k1b": 0.0,
    "k2b": 0.09448818897637795,
    "k3b": 0.0,
    "k4b": 0.0,
    "k5b": 0.0,
    "k6b": 0.0,
    "b1": 0.0,
    "b2": 0.0,
    "b3": 0.0,
    "b4": 0.0,
    "b5": 0.0,
    "b6": 0.0,
    "k": 0.0,
    "fx1": 0.0,
    "fx2": 0.0,
    "shift": 0.0
  }
}