{
  "by_name": {
    "f1": 0.937007874015748,
    "f2": 0.937007874015748,
    "f3": 0.8661417322834646,
    "f4": 0.8110236220472441,
    "f5": 0.2677165354330709,
    "f6": 0.6929133858267716,
    "k1t": 0.6062992125984252,
    "k2t": 0.4251968503937008,
    "k3t": 0.25984251968503935,
    "k4t": 0.44881889763779526,
    "k5t": 0.0,
    "k6t": 0.0,
    "k1m": 0.0,
    "k2m": 0.0,
    "k3m": 0.0,
    "k4m": 0.0,
    "k5m": 0.0,
    "k6m": 0.0,
    "k1b": 0.0,
    "k2b": 0.09448818897637795,
    "k3b": 0.0,
    "k4b": 0.0,
    "k5b": 0.0,
    "k6b": 0.0,
    "b1": 0.0,
    "b2": 0.0,
    "b3": 0.0,
    "b4": 0.0,
    "b5": 0.0,
    "b6": 0.0,
    "k": 0.0,
    "fx1": 0.0,
    "fx2": 0.0,
    "shift": 0.0
  }
}