{
  "by_name": {
    "f1": 0.8267716535433071,
    "f2": 0.7716535433070866,
    "f3": 0.5433070866141733,
    "f4": 0.41732283464566927,
    "f5": 0.5748031496062992,
    "f6": 0.7480314960629921,
    "k1t": 0.48031496062992124,
    "k2t": 0.47244094488188976,
    "k3t": 0.8110236220472441,
    "k4t": 0.44881889763779526,
    "k5t": 0.0,
    "k6t": 0.0,
    "k1m": 0.0,
    "k2m": 0.0,
    "k3m": 0.0,
    "k4m": 0.0,
    "k5m": 0.0,
    "k6m": 0.0,
    "k1b": 0.0,
    "k2b": 0.09448818897637795,
    "k3b": 0.0,
    "k4b": 0.0,
    "k5b": 0.0,
    "k6b": 0.0,
    "b1": 0.0,
    "b2": 0.0,
    "b3": 0.0,
    "b4": 0.0,
    "b5": 0.0,
    "b6": 0.0,
    "k": 0.0,
    "fx1": 0.0,
    "fx2": 0.0,
    "shift": 0.0
  }
}